HCDR3_1,84.5205117,-53.1916585,31.6046591
HCDR3_2,76.8318979,-76.4896972,34.374553
HCDR3_3,88.1354835,-54.978278,29.5710192
HCDR3_4,81.0866479,-78.3234813,31.416276
HCDR3_5,65.7479359,-55.0912475,14.6571414
HCDR3_6,62.7770153,-74.4853404,16.7784504
HCDR3_7,69.7432896,-57.747488,17.8873216
HCDR3_8,78.1702491,-56.2985421,13.4405728
HCDR3_9,52.0157249,-69.1306629,-5.39619185
HCDR3_10,51.9651697,-63.477147,-11.4421328
HCDR3_11,58.2249418,-47.7286802,-8.90476619
HCDR3_12,62.050308,-45.6446492,0.0314160544
HCDR3_13,60.6807995,-47.1695114,-5.32626919
HCDR3_14,49.8722139,-70.0347,-10.8351415
HCDR3_15,58.2009931,-50.5230397,-4.49134879
HCDR3_16,54.3442922,-66.0226562,-6.92537919
HCDR3_17,53.686207,-66.7639953,0.17470878
HCDR3_18,60.2288096,-49.9327781,2.14925031
HCDR3_19,82.9391418,-36.9801649,-0.948283729
HCDR3_20,66.0567273,-48.4864654,-8.54414952
HCDR3_21,68.2155574,-50.0736155,-20.745147
HCDR3_22,57.4197764,-67.3609829,-12.7315152
HCDR3_23,69.7613031,-48.3159255,-11.6731135
HCDR3_24,62.1178725,-33.0853872,22.1302526
HCDR3_25,44.2429484,-42.7182996,1.14914108
HCDR3_26,44.7673924,-41.889933,-6.62956995
HCDR3_27,42.592478,-44.8542219,8.45704649
HCDR3_28,32.2171268,-61.0601638,-11.5171841
HCDR3_29,27.6355004,-66.5448798,4.71276131
HCDR3_30,29.7102369,-64.6301676,0.240301201
HCDR3_31,24.2028121,-67.815561,-7.68252446
HCDR3_32,22.0582538,-69.5656372,-3.22316268
HCDR3_33,23.3414476,-75.3039927,-7.09519592
HCDR3_34,40.7990715,-51.4030822,24.9827139
HCDR3_35,56.2063554,-22.2957629,23.1027097
HCDR3_36,11.7416713,-66.7756915,12.7168782
HCDR3_37,62.3088884,-14.6464254,-2.93269009
HCDR3_38,35.811753,-34.9180326,2.01935132
HCDR3_39,35.5187733,-33.4010796,9.77797969
HCDR3_40,26.8377575,-46.709461,27.0561908
HCDR3_41,24.2733064,-51.1386623,19.4276636
HCDR3_42,18.2607687,-55.1665642,-2.8429379
HCDR3_43,36.5274796,-36.1886641,-13.4626352
HCDR3_44,26.9260247,-50.4928325,-17.3948435
HCDR3_45,37.1193852,-36.0847265,-10.6903105
HCDR3_46,44.1909985,-32.360128,-21.8346221
HCDR3_47,53.0840761,-19.6194554,-8.93768229
HCDR3_48,25.3841379,-53.3047408,-16.3376029
HCDR3_49,52.4932719,-24.088239,16.7787004
HCDR3_50,40.4404493,-34.4191578,27.1011494
HCDR3_51,56.4474312,-17.4617737,-7.93841688
HCDR3_52,20.4034587,-56.4854665,4.26807581
HCDR3_53,32.362043,-39.294429,7.41791743
HCDR3_54,41.9633673,-31.9530243,-27.57856
HCDR3_55,27.4754235,-52.0108162,23.5474957
HCDR3_56,21.0601857,-52.8039292,-12.0648835
HCDR3_57,55.1377951,-19.0829308,-4.38789281
HCDR3_58,16.1603995,-58.2222784,6.34877845
HCDR3_59,27.6757259,-41.7461831,9.98165506
HCDR3_60,55.997524,-16.5843266,-14.7406449
HCDR3_61,12.1918838,-73.3690734,-14.0678483
HCDR3_62,41.4774737,-54.4706008,48.5490787
HCDR3_63,69.6792423,-9.62835486,-17.8745801
HCDR3_64,71.8740794,-8.55031784,-14.1165627
HCDR3_65,14.3522731,-73.632641,-21.7860407
HCDR3_66,47.7130849,-11.6796497,27.8464732
HCDR3_67,18.9441939,-38.1444487,-8.36565669
HCDR3_68,30.3067731,-17.3085654,-1.26883639
HCDR3_69,40.8185251,-15.0067897,31.2333661
HCDR3_70,43.6562011,-2.99087637,-4.13201299
HCDR3_71,26.4806404,-18.9517709,-5.26863453
HCDR3_72,9.82057004,-45.2235555,-17.1330728
HCDR3_73,26.1776423,-25.9695529,-31.8257778
HCDR3_74,29.3449449,-22.7787129,-15.9762624
HCDR3_75,46.0937924,-0.75939045,-11.4678339
HCDR3_76,28.9400195,-20.1938977,7.61989594
HCDR3_77,21.9259187,-33.030262,-1.77552357
HCDR3_78,22.7510682,-21.6090059,2.01351614
HCDR3_79,11.1855457,-49.7952025,-21.5273617
HCDR3_80,48.1790099,1.40212036,6.38254833
HCDR3_81,24.985369,-29.7563455,10.6738626
HCDR3_82,29.0425967,-15.9153183,-38.8346671
HCDR3_83,33.2124046,-12.7067408,-34.0820757
HCDR3_84,20.8087262,-31.3849998,17.0184919
HCDR3_85,23.1884056,-26.6332877,22.2487984
HCDR3_86,20.8119471,-30.3881271,18.484577
HCDR3_87,46.4581038,-1.35929175,2.18395712
HCDR3_88,27.2549546,-21.5675766,9.17270638
HCDR3_89,28.2082978,-15.9316224,4.63037645
HCDR3_90,48.5588098,0.823936314,-8.45339149
HCDR3_91,23.3887852,-30.152406,-10.9596255
HCDR3_92,49.478539,1.75643384,0.312945919
HCDR3_93,29.7218917,-23.0631337,-17.4641879
HCDR3_94,43.6650348,-17.4655859,41.7281097
HCDR3_95,21.2280089,-37.3147152,38.0494104
HCDR3_96,31.8938118,-22.3590588,-21.0908159
HCDR3_97,8.17953738,-50.2532459,19.7132718
HCDR3_98,1.6544676,-29.5577424,34.5570713
HCDR3_99,39.8450967,16.3406198,-8.87548249
HCDR3_100,9.3167116,-22.6610199,21.862383
HCDR3_101,35.0570968,0.882415028,45.4414513
HCDR3_102,-6.46183542,-39.5938404,4.68376005
HCDR3_103,32.8606702,10.4737416,-2.69990776
HCDR3_104,7.12144952,-21.1795004,10.8234512
HCDR3_105,21.2662295,-6.44840565,-33.4101165
HCDR3_106,37.4738916,9.63605606,-8.82385654
HCDR3_107,37.7881154,9.42608486,-4.38845899
HCDR3_108,43.6947763,7.17650713,35.5112658
HCDR3_109,22.2765724,-13.0627076,31.7122518
HCDR3_110,35.505137,12.8109374,13.9122729
HCDR3_111,34.5360022,12.4184748,-12.7269734
HCDR3_112,36.8996517,17.651304,7.6726793
HCDR3_113,11.8016819,-17.6648438,-20.6549638
HCDR3_114,20.2830134,-9.62945825,37.4801158
HCDR3_115,6.03307474,-19.7675405,18.2556502
HCDR3_116,-8.37970382,-45.2133556,14.073006
HCDR3_117,11.6697383,-10.9361297,9.47648944
HCDR3_118,24.6920507,-1.74650401,-15.5395773
HCDR3_119,-5.5435507,-38.38808,-35.6156369
HCDR3_120,9.64476764,-23.6484089,34.5865512
HCDR3_121,-9.6697279,-46.4512572,-4.57743034
HCDR3_122,15.5860714,-7.83128257,2.20605943
HCDR3_123,26.3789458,-1.56877859,-25.3259571
HCDR3_124,42.427225,2.47916838,46.8135296
HCDR3_125,-8.53107909,-39.2369891,0.138221931
HCDR3_126,12.4735151,-16.9982354,16.9867494
HCDR3_127,-2.12899936,-36.2564884,-3.96734921
HCDR3_128,12.0203248,-8.69471572,-2.7334134
HCDR3_129,-7.15498001,-49.0049958,8.66010629
HCDR3_130,15.5220253,-7.59904123,-30.0284096
HCDR3_131,-3.32060006,-38.7410824,-6.14354826
HCDR3_132,45.1621795,2.39387989,44.9586606
HCDR3_133,42.1566107,-19.6100819,-52.4540627
HCDR3_134,-6.37616826,-44.8947626,-24.3595445
HCDR3_135,1.95230617,-30.7504587,-35.7533122
HCDR3_136,15.002166,-9.12625681,7.03468046
HCDR3_137,-10.8263828,-50.0931837,-24.6006515
HCDR3_138,22.1381372,-8.2885913,-31.566693
HCDR3_139,34.0227128,10.3978537,17.0830114
HCDR3_140,-13.0459564,-50.1193353,17.4152825
HCDR3_141,38.5133459,15.8657009,20.8373868
HCDR3_142,25.1546658,21.8185825,24.5539178
HCDR3_143,0.88628853,-6.62614283,-31.4554105
HCDR3_144,26.8852571,33.4736205,-28.7084276
HCDR3_145,0.787051969,7.51337734,-51.3444419
HCDR3_146,-5.05407434,-10.8516816,-13.938957
HCDR3_147,16.4447798,5.57461327,42.3050381
HCDR3_148,-13.3100174,-16.6175553,-42.9011349
HCDR3_149,-7.01218393,-0.0587476561,2.82218725
HCDR3_150,-33.5381374,-35.0117201,0.015682293
HCDR3_151,20.057358,18.7376144,2.498361
HCDR3_152,-2.24108038,-12.8261891,11.8523886
HCDR3_153,16.3392757,22.3711199,-12.0428971
HCDR3_154,-15.8467112,-22.9914782,-21.8681998
HCDR3_155,26.9055138,23.1570409,-16.1035192
HCDR3_156,-6.17409298,-17.8601331,-15.1216887
HCDR3_157,25.3963017,30.5161276,-27.810318
HCDR3_158,-20.1022654,-24.0684623,-5.72378512
HCDR3_159,-17.4629942,-33.5208363,-21.123845
HCDR3_160,-7.90435599,-15.4391379,18.2778657
HCDR3_161,10.9761078,13.1670027,-30.4936571
HCDR3_162,28.1252734,24.6948139,-13.209662
HCDR3_163,0.891448108,2.14897365,-35.5459689
HCDR3_164,-6.60262892,-6.68202665,-35.5495479
HCDR3_165,-7.22268444,-12.1334951,-24.002266
HCDR3_166,-24.0901296,-34.8161338,-23.2035836
HCDR3_167,-22.8777045,-35.4529939,-13.550389
HCDR3_168,-24.731265,-33.6510364,-13.0274983
HCDR3_169,1.27191266,3.94744466,-40.77203
HCDR3_170,-13.7342689,-18.2194712,16.2050386
HCDR3_171,3.28330383,16.2588129,-38.5952317
HCDR3_172,1.51502675,-7.00906068,37.0392485
HCDR3_173,-26.4115891,-36.1046328,27.9495953
HCDR3_174,15.6169626,25.1032952,1.95535174
HCDR3_175,20.4214697,17.909311,26.1029174
HCDR3_176,22.2534663,20.4800426,-19.5742344
HCDR3_177,-27.5474278,-38.1847475,-35.049058
HCDR3_178,27.485263,25.3570558,-30.7890167
HCDR3_179,0.288882211,-8.70928513,5.33261537
HCDR3_180,8.93187237,14.4974433,-39.6037475
HCDR3_181,15.7375915,14.0742597,-25.6026635
HCDR3_182,-15.4549428,-12.1787727,65.6339106
HCDR3_183,-26.1208022,-39.8203547,-0.713085121
HCDR3_184,-9.71196994,-14.6820591,13.7971521
HCDR3_185,-21.5039618,-24.0495805,-36.7335205
HCDR3_186,-22.0989439,-25.2773043,-28.8193425
HCDR3_187,-33.3820903,-40.3264371,20.2372094
HCDR3_188,16.0567987,16.1411042,-35.1710174
HCDR3_189,-24.64489,-24.0214672,-43.6545679
HCDR3_190,28.4844333,26.513996,1.96926393
HCDR3_191,3.29248697,0.23825561,2.6492217
HCDR3_192,-24.4542766,-30.4733599,-2.46165895
HCDR3_193,0.258469636,-0.343295961,-12.2237938
HCDR3_194,-10.3900673,-13.1920568,17.9460119
HCDR3_195,-4.82299106,-7.23441669,4.22193519
HCDR3_196,-26.0028003,-35.9010806,7.67563528
HCDR3_197,-30.1131886,-40.7462581,-0.247555216
HCDR3_198,-3.68041376,-4.83663097,-1.23832739
HCDR3_199,-26.534169,-31.7835253,27.8912867
HCDR3_200,-1.09556238,-4.35433318,-27.5677445
HCDR3_201,-10.629622,-19.3303649,-33.1322255
HCDR3_202,-21.5212532,-25.4455459,-0.890639198
HCDR3_203,18.9740564,25.0230869,5.52753503
HCDR3_204,-15.9601739,-19.3694105,13.564076
HCDR3_205,-12.1028232,-21.2185698,-41.4910102
HCDR3_206,-1.78197598,0.871199239,-30.1123078
HCDR3_207,34.6172977,23.920883,35.0643644
HCDR3_208,10.7341174,10.7228052,58.0027151
HCDR3_209,-13.6840907,-24.1500765,-49.0812905
HCDR3_210,10.6543425,9.38287777,-38.3234266
HCDR3_211,-30.5744984,-37.5661675,-28.5569446
HCDR3_212,19.9874542,5.38231623,45.9289335
HCDR3_213,5.51443243,-2.30372714,-37.2545103
HCDR3_214,40.8800819,33.3785029,-18.2947328
HCDR3_215,-19.6855113,-24.7851637,-47.5612932
HCDR3_216,-26.1242273,-39.2685344,-22.2488735
HCDR3_217,33.3397787,29.7314217,2.25795826
HCDR3_218,-37.5890558,-45.3883408,2.82392411
HCDR3_219,-29.1200952,-42.0174165,6.7601596
HCDR3_220,28.591181,51.3934812,5.65205398
HCDR3_221,20.3122029,42.1877884,11.9100641
HCDR3_222,17.5230045,48.3163032,14.8805076
HCDR3_223,-21.0155294,36.9885305,40.4250548
HCDR3_224,-32.5464154,-1.05392059,-43.5935363
HCDR3_225,-45.0555614,-20.5235932,8.69799415
HCDR3_226,-44.6409353,9.47380554,-20.4899077
HCDR3_227,-58.2667422,-16.6921842,-24.6787726
HCDR3_228,-27.6638736,23.7890602,-10.0541531
HCDR3_229,-26.6804004,25.4875637,-37.0375879
HCDR3_230,-44.5633473,-8.70169914,-39.2175456
HCDR3_231,-24.6353511,14.5881329,-40.9796052
HCDR3_232,-21.5603884,-3.60559522,17.861258
HCDR3_233,-1.5269653,43.7857251,8.10362
HCDR3_234,-24.6664653,-1.26630965,13.4298308
HCDR3_235,19.3303205,38.0977316,-13.4424378
HCDR3_236,-28.7075287,8.88413118,-29.8458629
HCDR3_237,-24.2737403,17.8248496,6.4004942
HCDR3_238,16.1542075,40.9878703,-20.7843834
HCDR3_239,-5.21206725,49.3784121,-4.5230842
HCDR3_240,-3.93436761,39.4312193,-39.2552099
HCDR3_241,-10.9920318,9.39340245,-48.3267984
HCDR3_242,-58.1684545,-15.7773547,-0.0280154144
HCDR3_243,-26.5124185,22.0072059,39.0853223
HCDR3_244,-52.105957,1.4813145,-30.49488
HCDR3_245,-5.26788368,39.8177824,-38.7857256
HCDR3_246,-18.8538116,19.5833096,-2.65884767
HCDR3_247,-55.6398244,8.22246106,20.2971491
HCDR3_248,12.2046949,41.3930809,14.0140582
HCDR3_249,-60.9716822,-17.2086233,0.768109323
HCDR3_250,-28.3087245,24.3083804,-27.5729481
HCDR3_251,15.8033687,46.1193944,-5.54823991
HCDR3_252,-9.65733506,20.6966409,-21.7054734
HCDR3_253,-25.089258,19.1600745,-9.17678142
HCDR3_254,-36.1233192,-1.70832195,-43.0078384
HCDR3_255,-43.3702244,-13.9892791,44.3590728
HCDR3_256,-49.0309354,-13.9529884,-0.699209582
HCDR3_257,-41.8762319,-21.7019024,17.9854736
HCDR3_258,4.60511074,39.1778715,9.9424211
HCDR3_259,-18.8695175,14.862875,4.61887925
HCDR3_260,-27.8204093,32.3661933,-18.4268116
HCDR3_261,-8.04857732,12.6166456,5.40621212
HCDR3_262,6.0129023,36.8724765,-4.1730583
HCDR3_263,1.21555104,38.1169352,-7.85115189
HCDR3_264,-18.120568,7.33728759,-40.1025774
HCDR3_265,-36.1458591,-1.12132142,-35.5024572
HCDR3_266,-41.5178612,7.78741408,-28.7028422
HCDR3_267,-0.616727595,61.2529577,-14.9980334
HCDR3_268,-32.7917428,27.6673589,-7.26605822
HCDR3_269,9.10081205,55.4578789,-22.2685611
HCDR3_270,-20.2777269,8.3461127,65.6506162
HCDR3_271,-70.344669,-19.8988048,-8.97361647
HCDR3_272,-29.415433,25.1811661,33.732563
HCDR3_273,-30.6279767,42.07523,-44.5143169
HCDR3_274,11.2760641,49.574918,-4.07576772
HCDR3_275,-24.5743755,22.9040684,45.8557338
HCDR3_276,-32.5735262,42.9290089,31.7406457
HCDR3_277,-48.6591195,-1.4630336,15.791676
HCDR3_278,-66.7514445,47.3255082,7.43938289
HCDR3_279,13.1424756,34.5924115,-12.1295937
HCDR3_280,-60.638518,31.3229296,4.94784697
HCDR3_281,4.64433667,48.3014059,37.9088886
HCDR3_282,-23.735117,2.80889377,23.3954447
HCDR3_283,-55.1052943,3.84050848,-26.0421656
HCDR3_284,-53.6770845,30.6912405,-40.0065557
HCDR3_285,-3.90528414,42.6251707,-51.223924
HCDR3_286,-47.2917834,1.31687379,-36.1635047
HCDR3_287,20.4291852,34.2445751,-2.69874868
HCDR3_288,3.98799384,45.744564,-33.9537662
HCDR3_289,-15.4029016,16.1368581,44.2421187
HCDR3_290,-22.5143706,2.16380195,23.0185381
HCDR3_291,-16.2223112,12.6862986,3.69554326
HCDR3_292,-73.5619563,15.5447136,-23.0777545
HCDR3_293,-42.1916509,15.3628481,21.8579736
HCDR3_294,-35.9236835,1.59676061,-35.1633666
HCDR3_295,-41.9968718,1.25830181,-41.7635263
HCDR3_296,-70.8115306,-6.57186303,26.359427
HCDR3_297,0.90579084,45.0592473,-29.8858848
HCDR3_298,17.821613,53.2689829,-11.7911431
HCDR3_299,-16.5602564,17.0986304,-32.602659
HCDR3_300,-20.3958168,45.0407985,-32.7991103
HCDR3_301,-25.7447849,23.5000626,-57.4531463
HCDR3_302,20.5379395,42.9467079,6.27583282
HCDR3_303,-37.1435676,29.0674883,-10.4190473
HCDR3_304,-15.3355698,49.1065268,21.7606527
HCDR3_305,9.3155919,30.9394429,7.40420912
HCDR3_306,-11.0657237,36.3163583,-31.183937
HCDR3_307,-19.8589098,9.1414326,66.1410157
HCDR3_308,-10.6759385,30.7407682,-38.929432
HCDR3_309,-40.007676,32.2105026,-35.9407426
HCDR3_310,-43.688485,1.49269226,-46.2478432
HCDR3_311,-36.3485822,30.1621706,35.8655609
HCDR3_312,11.1165088,63.2136078,14.9430137
HCDR3_313,-40.3219806,13.174329,12.1627321
HCDR3_314,24.7281625,40.2573591,-16.4656461
HCDR3_315,-1.84520141,52.894939,-44.0113491
HCDR3_316,0.833282846,61.5415734,-21.4371656
HCDR3_317,-12.395709,71.1071304,-8.00280033
HCDR3_318,-2.76362729,65.9155483,-10.6053851
HCDR3_319,22.1772945,43.8026053,5.34630074
HCDR3_320,-25.2016868,77.482099,12.7895842
HCDR3_321,-14.4870922,10.8910577,35.3355312
HCDR3_322,13.3097982,31.2866196,-27.7196929
HCDR3_323,2.58267704,37.5410714,-16.9913161
HCDR3_324,-40.8869888,11.9237847,2.4748401
HCDR3_325,-14.3225724,32.8704926,31.2659879
HCDR3_326,-20.0001336,32.4921216,47.8045893
HCDR3_327,2.55437401,55.2829989,-9.71913159
HCDR3_328,-4.82871677,46.9833064,-12.1770623
HCDR3_329,-40.9726649,-21.7597127,3.87705027
HCDR3_330,11.3452781,53.8649473,-7.19953965
HCDR3_331,-22.1349173,17.495711,14.5331989
HCDR3_332,-39.7034254,-4.11510848,-25.2260715
HCDR3_333,-14.1896276,57.5343545,10.657889
HCDR3_334,-11.4125767,19.6564854,-52.2744569
HCDR3_335,-14.939744,13.7530935,-39.0501019
HCDR3_336,-44.0637494,2.27168858,-14.9084652
HCDR3_337,-56.1188663,-23.257893,-19.4077089
HCDR3_338,-55.8416556,-22.3601708,-13.5148296
HCDR3_339,-24.3575924,-15.619397,41.6361757
HCDR3_340,-23.5508804,18.3970857,-29.5834051
HCDR3_341,-42.1119421,8.67609015,6.06061313
HCDR3_342,8.7221551,28.582565,43.3653323
HCDR3_343,-39.4779054,1.79805852,9.75246244
HCDR3_344,2.98447387,36.8722745,9.79513367
HCDR3_345,16.9205678,40.0615928,30.623489
HCDR3_346,-13.2521001,35.9253867,-54.4174927
HCDR3_347,-0.338766017,34.656144,44.7527654
HCDR3_348,-48.3702337,18.5469365,2.35066801
HCDR3_349,-26.5179993,13.4983855,26.2864516
HCDR3_350,-52.0550708,-3.88839006,-6.49738099
HCDR3_351,-46.9328679,-15.1695095,-14.9125292
HCDR3_352,-36.3912329,33.6064197,14.6176049
HCDR3_353,-42.2868723,24.550171,-18.1170141
HCDR3_354,-7.88322389,48.0149324,-9.96352915
HCDR3_355,8.45613933,38.1413319,-31.6714264
HCDR3_356,-34.5467882,9.53281157,45.7448288
HCDR3_357,-34.1677571,13.0236086,35.9312151
HCDR3_358,-15.4136541,28.7036578,-36.678126
HCDR3_359,7.39149741,43.6354651,-28.6669295
HCDR3_360,19.9436449,46.7826424,-0.612655315
HCDR3_361,-19.8296074,42.1705918,-49.7084406
HCDR3_362,-36.7571068,29.3262641,-35.014598
HCDR3_363,8.79172498,47.9019298,12.5972397
HCDR3_364,-24.0921801,32.1320152,-48.0751844
HCDR3_365,-15.7386049,24.8402442,-13.5485107
HCDR3_366,-15.3069112,57.5995736,-12.2931134
HCDR3_367,3.03417263,54.7307946,33.1011432
HCDR3_368,-52.4837434,22.813288,31.1654846
HCDR3_369,-29.9016023,31.7226337,-40.8818322
HCDR3_370,-25.9774155,20.6436045,33.285609
HCDR3_371,-9.78983867,60.2480384,20.4234228
HCDR3_372,-20.6541288,35.3130827,-53.0534548
HCDR3_373,-11.9447783,27.7298383,-52.257254
HCDR3_374,-10.9114121,66.9244745,8.24139161
HCDR3_375,-28.4299578,42.4773843,4.73497122
HCDR3_376,15.7476728,40.183572,-35.3912854
HCDR3_377,-20.8934642,40.1620763,-48.2023698
HCDR3_378,-58.5015089,4.3462623,4.11397116
HCDR3_379,-48.8600803,-6.47130074,-18.5776478
HCDR3_380,4.36563034,40.3842254,-22.163529
HCDR3_381,-21.9816001,57.1531035,37.623655
HCDR3_382,-43.0903017,28.5636436,22.6890507
HCDR3_383,-28.4687549,26.1341663,-9.83085515
HCDR3_384,-4.67880291,19.6399963,41.8804948
HCDR3_385,-8.5742415,15.5328679,44.0855494
HCDR3_386,-25.8179459,50.8754471,9.19629251
HCDR3_387,-40.1919404,16.2498033,-8.31275251
HCDR3_388,-12.1719056,10.1760067,-14.836973
HCDR3_389,-2.37031603,51.958823,10.4970019
HCDR3_390,2.6151643,37.9490731,29.7413142
HCDR3_391,16.4864587,56.2204806,-9.23921816
HCDR3_392,-34.7722126,35.7297378,-43.7813746
HCDR3_393,-15.1408971,34.1274257,36.8189039
HCDR3_394,-22.0595629,35.6762141,-24.3644928
HCDR3_395,-47.0829092,-4.29470244,27.2564591
HCDR3_396,-14.2832938,2.98988454,41.1980454
HCDR3_397,-48.0404159,-0.478998775,-12.1529553
HCDR3_398,4.3089397,53.1181809,-26.9809426
HCDR3_399,19.7481879,36.2463215,7.88016337
HCDR3_400,-7.33982329,46.3910779,14.1752707
HCDR3_401,-38.3905374,54.080302,7.93354255
HCDR3_402,-8.81581836,71.3216566,-7.0121646
HCDR3_403,-15.7163851,38.8991344,42.3016718
HCDR3_404,-32.2765129,54.2099843,-9.0028848
HCDR3_405,-39.1241521,30.789482,-3.16717962
HCDR3_406,-63.8525467,-3.58526982,15.787448
HCDR3_407,13.6857339,33.8015815,12.554747
HCDR3_408,-20.7426805,48.9866731,-5.59556341
HCDR3_409,-56.290709,-12.739158,-18.5744937
HCDR3_410,-62.8949742,13.1071171,1.96989093
HCDR3_411,-30.6597979,52.6847282,-10.6481389
HCDR3_412,-38.6541156,52.5715833,-4.82015551
HCDR3_413,-49.2945645,2.58311484,35.724109
HCDR3_414,-4.30448824,45.7670671,1.02576833
HCDR3_415,-33.5316389,40.1882804,-7.73619943
HCDR3_416,-37.3572878,-7.55122946,48.8776127
HCDR3_417,-17.5927725,13.556626,46.4289168
HCDR3_418,-36.5088231,24.6885205,35.3009496
HCDR3_419,-26.4602222,16.5751857,0.0199895075
HCDR3_420,-74.5722257,9.32821347,-13.8484396
HCDR3_421,-4.8347059,45.3627504,16.8062212
HCDR3_422,-1.9785104,43.956427,-16.9694691
HCDR3_423,-8.91668887,64.3247584,8.91279861
HCDR3_424,-32.5019131,56.9172377,-3.21307927
HCDR3_425,-19.5023225,39.8456102,48.6693566
HCDR3_426,9.82488063,43.5953976,50.1397677
HCDR3_427,-52.5813555,15.3947305,16.6502179
HCDR3_428,4.75126827,52.4911056,28.3987744