KV_1,3.91584946,44.9226132,11.3402117
KV_2,-16.440649,36.8671395,26.5078552
KV_4,10.8743299,48.8675581,-6.62800328
KV_5,12.4760282,50.4041881,-8.64357053
KV_6,4.07333152,74.2598878,-2.83428139
KV_7,6.3771054,78.7817129,-3.23516957
KV_8,7.25873464,32.4715177,-14.7505122
KV_9,6.54549713,2.5198826,-32.9284703
KV_10,22.5768829,18.2503903,-42.9602823
KV_11,-6.91782683,33.1165909,-0.787761756
KV_12,-7.20919061,25.3290401,-0.875493185
KV_13,20.8888539,25.4960488,24.6056885
KV_14,26.3440688,23.6944921,26.6999043
KV_15,17.1769419,30.653257,27.5866259
KV_16,-10.039138,68.0956291,7.98593882
KV_17,32.8454786,48.7154703,36.885211
KV_18,14.2616221,24.4552474,1.64803517
KV_19,-19.2772595,42.252436,3.140426
KV_20,-46.6924133,57.7361179,-20.9605346
KV_21,-41.1340839,69.8294198,-15.0937124
KV_22,-42.5438718,59.4685492,-18.4258183
KV_23,-26.9448284,58.2714604,-25.5720499
KV_24,-35.6024625,51.2871884,-34.730378
KV_25,-35.8178559,53.0186637,-43.2242711
KV_27,-8.41481521,22.5484375,-27.9923542
KV_28,-40.3592481,47.3225318,-35.435849
KV_29,-31.1315445,80.2814329,-20.469755
KV_30,-19.6908345,65.0247672,-28.0102419
KV_31,-23.7898291,73.5246261,-50.3708995
KV_32,12.8632002,59.0002765,14.3945616
KV_33,15.9450697,63.5497652,17.1775985
KV_34,40.8826847,56.3079181,-19.786689
KV_35,25.2311326,48.8527728,-17.8792504
KV_36,-5.97170203,82.0387996,53.0993429
KV_37,64.8666575,30.8826724,34.848875
KV_38,107.800821,-223.441442,-22.7987896
KV_39,58.3868334,-179.987245,-123.494306
KV_40,57.8742674,-205.408912,-8.0334086
KV_41,28.8619982,-199.844871,-66.1895787
KV_43,87.0534863,-165.597867,-94.5881408
KV_44,78.8325016,-196.012875,-41.1944069
KV_45,40.1894099,-215.459924,-23.3046845
KV_46,115.669642,-208.3449,-39.3268451
KV_47,56.8248585,-181.274508,-135.305721
KV_48,-37.5754291,-227.914909,-62.8547788
KV_49,29.567125,-209.494638,-74.3157992
KV_50,30.2823706,-204.175714,-68.3057461
KV_51,-38.6107982,-46.3624566,54.7449743
KV_52,-40.2350659,-50.8186865,58.7147596
KV_53,-13.9655491,-30.2039514,86.8558015
KV_54,-14.1930207,-70.526222,50.095669
KV_55,-42.5591232,-18.8984415,76.8354086
KV_56,-36.1571507,-20.9140283,70.2230441
KV_57,-47.1178392,-18.5484701,80.9713762
KV_58,-17.2106776,-39.8293212,76.1854557
KV_59,-48.4904495,-42.457077,43.0241898
KV_60,-3.72672393,-51.7204363,80.4857262
KV_61,-59.4885789,-40.889141,49.655463
KV_62,-25.774698,-70.7284065,43.0983203
KV_63,-28.8174396,-30.1987744,65.7335678
KV_64,-51.5824459,-44.5774385,46.3945023
KV_65,-12.7372633,-29.5157699,92.8765069
KV_66,-31.2733251,-83.5147823,38.9101196
KV_67,144.695248,-93.9634588,-1.87778446