LV_1,-84.1097016,-83.0003658,13.2780747
LV_2,-26.2966091,-14.5851791,99.5662892
LV_3,-25.8690737,-13.3153149,102.421162
LV_4,-25.3447766,-10.208177,106.517338
LV_5,47.553279,-51.9616557,87.9460643
LV_7,-25.4739391,-55.5357573,36.8823975
LV_8,-20.2281853,-78.3167132,47.8219514
LV_9,-22.6688459,-74.2626585,44.6805008
LV_10,-36.2806178,-27.6604942,100.725036
LV_11,33.0170104,-54.3014856,43.6034461
LV_12,31.9933737,-50.6518505,43.4056573
LV_13,115.698601,101.320774,98.9144153
LV_14,112.777356,110.150794,88.9207038
LV_15,122.768013,100.547508,109.232359
LV_16,-85.4099601,20.6188706,9.75574774
LV_17,-93.2477696,69.119207,-0.68906475
LV_18,-87.0936654,86.344167,-18.4817981
LV_19,-54.5591741,78.0200193,25.9146804
LV_20,-48.9569372,79.4896483,23.3271366
LV_21,-58.0733315,83.1521494,31.7589237
LV_22,-87.6481335,84.31438,-10.2154623
LV_23,-67.119306,37.9320349,-2.97811536
LV_24,-63.4819496,35.4550898,-10.2102569
LV_25,50.5673376,79.1598822,-129.599008
LV_26,28.825077,-38.5850048,-149.101928
LV_27,23.3588199,-36.9763262,-158.9068
LV_28,183.441946,-22.5418367,-84.6319711
LV_29,178.657918,-20.7402998,-83.4190521
LV_30,122.466165,-44.1043143,-93.0683812
LV_31,120.2804,-31.1932261,-87.552251
LV_32,120.620686,-35.3797977,-87.7394624
LV_33,32.2435238,-2.58598273,-136.27426
LV_34,36.4586903,-7.18836393,-135.312146
LV_35,53.2716381,5.82944334,-172.169411
LV_36,136.084911,8.22918873,-108.360454
LV_37,140.297003,27.5410286,-99.7990059
LV_38,-78.6694492,-139.916578,-54.5666936